Name,Address,P.O.Box,Phone,Mobile,Email,Webpage,Fax,Country
A. J. Wild Institute of Advanced Studies,Maharajgunj,,"4428197,4413137",,info@ajw.com.np,www.ajw.com.np,,
A.J. World Wide Institute,Maharajgunj,,"4410245,4418238",,,,,
Aadarsha Kanya Campus,MangalBazar,,5521488,,,,,
Aberdeen Int'l College,"Taadhokha,Jawalakhel,Lalitpur",,"5536298,5530889,9841203169",,dipankarshakya@hotmail.com,,,
Aberdeen Int'l College,Jawalakhel,,"5536298,5530889",,,,,
Aberdeen International Education Foundation,Jawalakhel,,"5536298,5530889",,aberdeen_aief@yahoo.com,,,
Aberdeen International Educationa,"Jawalakhel,Lalitpur",,"5536298,5530889",,aberdeen.aief@gmail.com,www.aberdeen.edu.np,,
Academy of Audio-Visual Arts &Science,Tripureshwor,,"4265718,4256522",,,,,
Academy Of Information Technology Pvt. Ltd. (AIT),Kamalpokhari,,4412929,,,,,
Academy of Information Technology Pvt. Ltd. (AIT),Kamalpokhari,,"4412929,4420038",,info@informatics.edu.np,,,
"Academy of Professional Studies Pvt. Ltd,",Anamnagar,,"9851116929,16600166002",,info@apsnepal.com,www.apsnepal.com,,
Ace Institute of Management,Sinamangal,"10001,Ktm","4110795,4110743,4110697",,aim@aim.edu.np,www.aim.edu.np,4499817,
Ace Institute of Management,NewBaneshwor,,"4469019,4474712",,ace@ace.edu.np,www.ace.edu.np,,
Achham Campus,Mangalsen,,097-620134,,,,,
Acme Engineering College,Sitapaila,"8849,Ktm","4282962,4280445",,acme@acme.edu.np,www.acme.edu.np,4282946,
Active Academy College,Basundhara,,4356400,,active@gmail.com,,,
Adarsha Kanya Niketan,MangalBazar,,5521488,,,,,
Adarsha Multiple Campus,"Sanothimi,Bhaktapur",,6633667,,,,,
Adikabi Bhanu Bhakta Campus,Damauli,,065-560096,,,,,
Advanced Academy,Kopundole,,5528307,,,www.advancedacademy.edu.np,,
Advanced College of Engineering & Management,Kupondole,8975EPC1866,"5522852,5528397",,info@acem.edu.np,www.acem.edu.np,5550602,
Agriculture Campus,Tripureshwor,,4261313,,,,,
Aims International College,Lagankhel,,"5521482,5535438",,,,,
AJW Institute Of Advanced Studies,"Panipokhari,Maharajgunj",,"4428197,6207595,4413137",,,www.ajw.com.np,=977-1-4002547,
All Nepal Institute Of Medical  Science,Chabahil,,4811030,,,,,
Alliance Academy,NewBaneshwor,,"4493198,4491439",,,,,
Ambition Academy,OldBaneshwor,10743,"4463079,4470880",,info@ambition.edu.np,www.ambition.edu.np,,
Amity College,"Birtamod,Jhapa",,023-541269,,,,,
Amrit Science Campus,Lainchour,,4410408,,,,,
Anmol Institute of Medical Studies,NarayanGopalChowk,,"4720642,4720929",,aims.np@gmail.com,www.aimsnepal.edu.np,4720642,
Annapurna College,"Jyatha,Kantipath",,"4249641,4249739",,annaschool@wlink.com.np,,,
Annapurna Technical & Engineering College,Phirke,,522015,,,,,
Apex College,Baneshwor,"19691,Ktm","4467922,4478841",,apex@apexcollege.edu.np,www.apexcollege.edu.np,4467923,
Arniko Intl Academy Higher secondary School,Satdobato,"8975,5641",5529905,,raju@arniko.edu.np,www.arniko.edu.np,,
Arunima College,Boudha,,"4470223,4478574",,arunimacollege@gmail.com,www.arunima.edu.np,,
Arunima College Educational Foundation  (AEF),"Bouddha,Kathmandu",,"4470223,4478754",,keshavjoshi6@hotmail.com,www.arunima.edu.np,,
Arunodaya Academy,Bhagwanpau,,4672362,,info@arunodaya.edu.np,,,
Arunodaya College,Chitwan,,056-529340,,,,,
Aryan School of Management,Midbaneswor,,"4485146,4485148",,info@thearyanschool.edu.np,www.thearyanschool.edu.np,,
Asain Collegs For Advance Studies,Gwarko,,"2230359,5540183",,,,,
ASANN Research Institute International College,"Gairidhara,Kathmandu",5582,"4423022,4420509,4430840",,students@sann.wlink.ciom.np,,977-1-4421803,
Ashirwad College,Samakhushi,,4352589,,ashirwadcollege@hotmail.com,,,
Asian College of Engineering & Management,OldBaneshwor,,4474169,,,,,
Asian College Of Higher Studdies,"Ekantakuna,Jawalakhel",,"5000266,5000156",,info@acm.edu.np,www.acm.edu.np,,
Asian College of Higher Studies,Ekatakuna,8975EPC1060,"5000266,5000156",,info@acm.edu.np,www.acm.edu.np,,
Asian Engineering College (AEC),Shankhamul,,4783350,,,,,
Atlantic Int'l College,Samakhushi,,4388647,,,,,
AU- Nepal Official Representative of University of California,NewBaneshwor,"582,Ktm",4784177,,worldtrade@wlink.com.np,,4784355,
Audio Visual Academyof arts &sciences (AVAAS),Tripureshwor,,"4265718,4256502",,,,,
B. P. Koirala Institute of Health & Science,Dharan,,525555Ext.4009,,bpkihs@bpkihs.edu,,520251,
Baba Academy,Chabahil,,4471631,,babab@mail.com.np,,4474493,
Babai Multiple Campus,Bardia,,084-420129,,,,,
Badamalika Campus,Bajura,,097-540335,,,,,
Bageshwori Campus,Nepalgunj,,540086,,,,,
Bagmati Modern College,Sukedhara,,"4374881,4374887,4372218",,,,,
Balaju School of Engineering & Technology,Balaju,"4897,ktm","4350228,4350213",,info@bset.org.np,www.bset.org.np,4350214,
Balkumari College,Narayanghat,,"524842,521842",,bkc_rd@hotmail.com,www.balkumaricollege.edu.np,524700,
Balkumari College,Narayangarh,,056521842,9845566344,info@balkumaricollege.edu.np,www.balkumaricollege.edu.np/,056524700,Nepal
Balkumari Mulitple Campus,Narayangadh,,056-521842,,,,,
Balmiki Vidhyapith,ExhibitionRoad,,"4227193,4227676",,,,,
Baneshwor Campus,Shantinagar,"11570,Ktm","4620310,4620332",,baneshworcampus2047@yahoo.com,www.baneshworcampus.edu.np,,
Barun Campus,"Khandbari,Sankhuwasabha",,029-560195,,,,,
BCB College,Duwakot,,6612809,,,,,
BDS Higher Secondary School,Gwarko,,"5546744,5542642,5535644",,bdsschool@wlink.com.np,,,
Bern hardt College,BalkhuChowk,,"4672506,4672507",,bernhardt@wlink.com.np,,,
Bhadraghale Multiple College,Baneshwor,,"4479768,9841311055",,,,,
Bhagyodaya Campus,Sankhu,,4450769,,,,,
Bhairahawa Campus,ShantiNagar,,520205,,,,,
Bhairawa Medical College,Bhairawa,,"522896,522938,523230",,,,,
Bhaktapur Multiple Campus,Bhaktapur,,"6610200,6613199",,,,,
Bhanu Sanskrit Vidhyapeeth,Tanahu,,065-529334,,,,,
Bhojpur Campus,Bhojpur,,029-420106,,,,,
Bhrispati College,Siddharthanagar,,"522944,546479",,,,524540,
Bill Gates Faculty of Information Technology,KediaSewaGram,"20,Birgunj","528793,522092",,kedia@atcnet.com.np,,522086,
Binayak College Of Health Science,Gaushala,,4482519,,,,,
Binayak Nursing College,Gaushala,,4470906,,,,,
Bindabasini Sanskrit Vidhyapeeth,Pokhara,,523352,,,,,
Binisha School Of Interior & Design,Anamangar,,4256040,,,,,
"Biomedical Engineering & Applied Sciences,",Hadigau,,4441467,,info@biomodical.edu.np,,4437822,
Bir Hospital Nursing Campus,Kathmandu,,"4220105,4230761",,birnursing_nams@yahoo.com,,,
Birat Science Campus,RoadsheshChowk,"218,Biratnagar",521278,,,,,
Birendra Institute Of Inte'l Studies,Jhamsikhel,,5522571,,,,,
Birendra Memorial College,Dharan-4,,527320,,bmc_science@yahoo.com,www.geocities.com/bmc_science,,
Birendra Multiple Campus,Bharatpur,,056-520689,,,,,
Birendra Sainik Campus,Sallaghari,,"6610051,6610872",,sainikschool@bsamb.edu.np,,,
Birendranagar Multiple Campus,Birendranagar,,083-520228,,,,,
Birgunj Campus,Birgunj,,522580,,,,,
Birgunj Commerce Campus,Birgunj,,523485,,,,,
Bishnumati (BST) College,Gongabu,,"4354704,4353708",,bstcollege@wlink.com.np,www.bstcollege.edu.np,,
Bishow Niketan Science Campus,Tripureshwor,,4260996,,,,,
Bishwo Bhasa Campus,ExhibitionRoad,,"4226713,4228916",,vishwo@biva.wlink.com.np,www.bishwobhasa.edu.np,4255738,
Bishwo Vidhyalaya Vidhyapeeth,Dang,,082-529019,,,,,
Blue Bird College,Kumaripati,8975EPC2750,"5538944,5555142",,info@bluebird.edu.np,www.bluebird.edu.np,,
Bridgewater International College,Sinamangal,,4480069,,,,,
Bridgewater International College,Sinamangal,1731,"4480069,4481590",,iila.bimali@bridghewaternepal.com,www.bridgewaternepal.com,977-1-4439382,
Bright Vision College,Satdobato,,"5526776,5555864,5524066",,info@bvc.edu.np,ww.bvc.edu.np,,
Brihaspati College,"Siddharthanagar-5,Rupandehi",,522944,,,,521540,
Brihaspati Vidayasadan,"BalmandirCompaund,Naxal",7763,"4419878,4418030",,info@bvs.edu.np,www.bvs.edu.np,977-14441421,
Brijlalkedia Hindu University,Kalimati,"929,Ktm","4281934,4281734,4270730",,bhudav@wlink.com.np,,4270973,
Brijlalkedia Hindu University,Birgunj,"77,Birgunj","521382,522092",,kedia@atcnet.com.np,,522560,
Brilliant Multiple Campus,Siphal,,"4478687,4488714",,,,,
British Gurkha College,Bansbari,8975,4017806,,bgc@graduate.org,www.britishgurkhacollege.com.np,4378483,
Brookfield Int'l College,Sinamanagal,,"4110646,4492597",,info@brookfield.edu.np,www.brookfield.edu.np,977-1-4110573,
Brookfield International College,Sinamangal,,"4110646,4492597",,info@brookfield.edu.np,www.brookfield.edu.np,4110573,
Butwal Campus,SiddharthaRoad,,542834,,,,,
Cambridge College,Kuleshwor,"12765,Ktm","4277063,4279626",,,www.cambridgecollege.edu.np,,
Campion Academy,Kumaripati,"1415,Ktm","5535131,5537959",,campion@academy.wlink.com.np,www.campion.edu.np,4423724,
Campion College,Kupondole,"1415,Ktm","5521753,5531436",,ccollege@wlink.com.np,www.campion.edu.np,4423724,
Campion College,Kupondole,32733,5521753,,ccollege@wilink.com.np,,535822,
Campion Head Office,KamalPokhari,,4422986,,,,,
Campion Kathmandu College,Gahanapokhari,"1415,Ktm","4431494,4431495",,ckcedu@mos.com.np,www.campion.edu.np,4423724,
Canvas Int'l  College,Basundhara,,"4380304,4354280",,info@canvascollege.edu.np,www.canvascollege.edu.np,4354280,
Capital College & Research Center,Koteshwor,"9737,Ktm","4602056,4600723",,ccrc@wlink.com.np,www.ccrc.edu.np,4600369,
Capital College & Research Center,Koteshwor,9737,"4600723,4602056",,ccrc@wlink.com.nepal,,,
Capitol Hill College,Teku,,2003303,,capitolhill@wlink.com.np,,4270345,
Caribbean College of Management,"Jawalakhel,Lalitpur",,"5550676,5537314,9851000326",,,,,
Caribbean College of Management,Manbhawan,8975EPC2974,"5550676,5537314",,info@caribbean.edu.np,www.caribbean.edu.np,,
Caspian Valley College,Kumaripati,8975EPC2685,"5524065,5554208",,info@caspian.edu.np,,,
caspian valley college,Newroad,,014224748,9851234486,snd.int2014@gmail.com,www.sndint.com.np,,Nepal
CCA School of Accountancy,"Putalisadak,Kathmandu",44600,+97714240913,9851077182,cca.nepal@gmail.com,www.cca.edu.np,9851077182,Nepal
CCAM College P. Ltd.,Putalisadak,,4440708,,,,,
Central Campus,Maharajgunj,"1524,Ktm","4422973,4422971",,mcampus@healthnet.org.np,,4423771,
Central Campus,Rampur,,"056-529303,581003",,,,,
Central Campus,Pokhara,,520469,,,,,
Central College Nepal,Panipokhari,,4413493,,centralnepal@mos.com.np,www.centralcollege.edu.au,4417696,
Central Department of Population Studies,Kirtipur,,"4331323,4331323",,cdps@wlink.com.np,www.cdps.edu.np,4331324,
Central Technological Campus,Dharan,,"520228,526530",,,,,
Centre For Professional Studies (COPROS),NewBaneshwor,,"4781224,4780650",,,,,
Chahana Int'l College,Kapan,,"4479017,4811753",,,,,
Chaitanya Campus,"Banepa,Kavrepalanchowk",,661722,,,,,
Chakrabarti Habi Education Academy,BaneshworHeight,,4467061,,info@clc.edu.np,www.clc.edu.np,4467061,
Chartered Acedamic International,Putalisadak,,"4258512,4223651",,,,,
Chartered Institute of Management & Accountancy P.Ltd. (CIMA),Putalisadak,,"4426955,4436537",,,,,
Chaturbhujeshwor Janata Campus,"Hariban,Sarlahi",,046-529413,,,,,
Chautara Campus,Chautara,,620142,,,,,
Chelsea International Academy,"LakhechaurMarg,NewBaneshwor",25201,"4472902,4499662,4483212",,mail@chelseainternational.com.np,www.chelseainternational.com.np,4490446,
Chitwan Medical College,Kathmandu,,4005042,,admin@cmc.edu.np,www.cmc.edu.np,,
Chitwan Medical College,Bharatpur,,"532933,532936",,,,,
CIT College,Baneshwor,,4498885,,,,,
CIT College & Higher Secondary School,Subidhanagar,9685,"4111840,4111655,2052677",,info@citnepal.edu.np,www.citnepal.edu.np,,
Citizen College,Satdobato,,"5545684,5545685",,info@citizencollege.edu.np,www.citizencollege.edu.np,,
City College,Tinkune,,41118400,,,,,
City College In Kathmandu,Panipokhari,,4416268,,,,,
Classic College International (CCI),Tilganga,,"4110433,4110135,016225708",,,,,
College for Higher Education,Birtamod,,"023-540016,540045",,,,,
College for Professional Studies Pvt. Ltd.,Maitidevi,,"4411805,4424431",,info@lbef.org,www.lbef.org,4443468,
College for Professional Studies Pvt. Ltd.,HanumanDasRoad,,526113,,cps@ntc.net.np,www.lbef.org,,
College for Professional Studies Pvt. Ltd.,BhanuChowk,,523887,,cps@lbef.org,www.lbef.org,,
College for Professional Studies Pvt. Ltd.,Birgunj,,526555,,cps@lbef.org,www.lbef.org,,
College for Professional Studies Pvt. Ltd.,Pokhara,,535735,,cps@lbef.org,www.lbef.org,,
College of Applied Business,TangalDurbar,,4445763,,cab@wlink.com.np,www.cab.edu.np,4445763,
College of Applied Engineering,Kalimati,,4283166,,,,,
College Of Applied Science,Satdobato,,5533392,,,,,
College Of Applied Sciences Nepal,Anamangar,9303,"4102687,6211842",,casnepal@gmail.com,www.casnepal.edu.np,,
College of Biomedical Engineering & Applied Science,Hadigaun,"12521,Ktm","4441467,4437822",,info@biomedical.edu.np,www.biomedical.edu.np,,
College of Business & Social Studies,Morang,,525540,,,,,
College of Business Management,"GurjuMarg,DillibazarHeight",3261,"4418869,4439716",,info@cbm.edu.np,www.cbm.edu.np,,
College of Computer Technology,Butwal,,"540879,546479",,,,545555,
College of Development Studies,PuranoBaneshwor,"2708,Ktm",4471130,,cdsnepal@mail.com.np,www.cds.edu.np,4478945,
College of Education,Nepalgunj,,520310,,,,,
College of Entrance Preparation,Putalisadak,,4247202,,,,,
College of Informationa Technology & Engineering,Subidhanagar,12277,"4111503,4111840",,,www.cit.edu.np,4111655,
College of Journalism & Mass Communication,Tinkune,23498,2070740,,manju.cjmc@gmail.com,www.cjmc.edu.np,,
College Of Professional Studies Pvt. Ltd.,Maitidevi,,"4411805,4424431",,,,,
College of Sofware Engineering,Bhaktapur,,6617788,,,,,
College Of Technical Sciences,Bagdol,,"2210038,5547479",,,,,
Columbus College,NewBaneshwor,"23728,Ktm","4781747,4784883",,columbus@wlink.com.np,www.columbus.edu.np,,
"Conflict, Peace and Development Studies",Baneshwor,,4462988,,info@cpds-tu.edu.np,www.cpds-tu.edu.np,,
Cosmos College of Management & Technology,Tutepani(NearSatdobato),,"5548704,5546211",,info@cosmoscollege.edu.np,www.cosmoscollege.edu.np,5548936,
Cosmos International College,PalikheChowk,,541324,,info@cosmos.edu.np,www.cosmos.edu.np,"404,Pkr",
Cosmos International College,"Pokhara,kaski",404,541324,,www.cosmos.edu.np,,,
CPS College,Kumaripati,8975EPC2766,"5528419,5537695",,info@cps.edu.np,www.cps.edu.np,5537695,
CPS Higher Secondary School,Godawari,8975EPC1669,"5560888,5560818",,cpsgodawari@wlink.com.np,,5560154,
Crimsion Int'l College,NewBaneshwor,,"4784628,4782414",,info@crimson.edu.np,www.crimson.edu.np,,
Crimson College of Technology,Butwal,,"546479,540879",,cct@nec.com.np,www.cct.edu.np,549879,
Crimson International College,ShankhamulChowk,,"4784628,4782414",,info@crimson.edu.np,www.crimson.edu.np,,
Crystal  College,Kamalpokhari,,4434099,,,,,
Dadeldhura Campus,Dadeldhura,,096-420189,,,,,
Damak Campus,Damak,,023-580132,,,,,
Dav College of Management,"Jawalakhel,Lalitpur",929,"5534426,5536626",,info@davcollege.edu.np,www.davcollegenepal.com,5546440,
Deepshanti Prabidhik Sikshalay,"BahiniChowk,Tulsipur-6,Dang,Nepal22412",,+97782523352,,info@dstcofficial.com,www.dstcofficial.com,,Nepal
Devdaha Medical College & Research Institute Pvt. Ltd.,Rupandehi,,"621800,9857027633",,,,,
Dhangadhi Engineering College,Dhangadhi,,091-521312,,,,,
Dhankuta Campus,Dhankuta,,520297,,,,,
Dharan Campus,Dharan,,"520288,520150",,,,,
Dhaurali Campus,Teku,,4240092,,,,,
Dhulabari Campus,"Dhulabari,Jhapa",,023-560397,,,,,
Dhulikhel Sanjeevani Campus,"Dhulikhel,Kavre",,490074,,dhulikhelcampus@hotmail.com,www.collegenepal.com/dhulikhel,,
Diamond College,NarayanGopalChowk,,4017603,,info@diamondcollege.edu.np,www.diamondcollege.edu.np,,
Dillibazar Kanya Campus,Dillibazar,,4418118,,,,,
Doti Multiple Campus,Doti,,"094-420110,420159",,,,,
Drabyashah Multiple Campus,Gorkha,,064-420228,,,,,
Dronachal Education Campus,Dailekh,,089-429514,,,,,
East-West College Of International Education,Bagbazar,,"4242525,4238084",,eastwest@lang.wlink.com.np,www.eastwest.edu.np,,
Eastern Campus,Dharan,,520411,,,,,
Eastern College of Engineering,Biratnagar,,"526925,538412",,eascoll_1@hotmail.com,,,
Eastern Engineering Campus,GangalalMarga,,520120,,,,520405,
ED-mark College Wisdom Academy,kalanki,11430,"4270881,4672759",,,,,
Edmark College,Kalanki,,"4270881, 4672759",,info@edmark.edu.np,www.edmark.edu.np,,
Einstein Academy Higher Secondary School & College,MahalaxmiChowk,8975EPC719,"5530818,5544739",,krrai@wlink.com.np,www.einsteinacademynepal.com,5001755,
Emile Academy International,Baneshwor,,"4622184,4620725",,thapateacher@yahoo.com,,,
Everest College,"Lahan-4,Siraha",,033-560810,,,,,
Everest College,Thapathali,,"4266652,4231460",,info@evecol.com,www.evecol.com,,
Everest College of Multiple Studies (ECMS),Golkopakha,"20407,Ktm","4352224,4352358",,emc@emc.edu.np,www.emc.edu.np,,
Everest College of Nursing,"Imadol-5,Lalitpur",,"5202461,5202460",,info@everestcollegeofnursing.com,www.everestcollegeofnursing.com,,
Everest Engineering College,Gongabu,,4363024,,,,,
Everest English College,Galkopakha,"20407,Ktm","4352224,4352358",,aanup@wlink.com.np,,,
Everest Florida HSS,Shantinagargate,,4620522/523,,,www.everestflorida.com,,
Everest International College,Soltimode,,"2030200,4274590,4274593",,admission@evecol.com,www.eicollegeedu.com,,
Excel International College,Handigaun,,"4431670,6912771",,info@excelcollege.edu.np,www.excelcollege.edu.np,,
Forestry Campus,Hetauda,,520618,,,,,
Fverest International College & Higher Secondary School,Soalteemode,,"4274590,4274593",,,,,
FW Taylor H. S. & College,Kalikasthan,,4418046,,,,,
Galaxy Global College,Gyaneshwor,4901,"4411362,4410076",,galaxy@enet.com.np,www.galaxy.edu.np,4416989,
Gandaki College of Engineering and Sciences,Lamachaur,,"440866,440944",,gces@gces.edu.np,www.gces.edu.np,440958,
Gandaki Medical College,PrithiviChowk,,"538595,526044,207130",,admin@gmc.edu.np,www.gmc.edu.np,550254,
Gandaki Medical College,Kathmandu,,2295251,,,,,
Garud Technical College,"Pokhara-14,Kaski,Nepal",,(061)534995,,garud.college@outlook.com,,,Nepal
Gateway College for Professional Studies,SamakhusiTownPlanning,,4361747,,email@professionalstudies.edu.np,www.professionalstudies.edu.np,4414046,
Gauradaha Campus,"Gauradaha,Jhapa",,023-529744,,,,,
Gauri Shanker Campus,"Charikot,Dolkha",,049-420124,,,,,
Gauri Shanker Campus,Ramechap,,048-520321,,,,,
Gauri Shanker Campus,Pokhara,,521637,,,,,
Gauri Shanker Yadav Campus,"Gaur,Rautahat",,055-520327,,,,,
Gauriganj Campus,"Gauriganj,Jhapa",,023-529844,,,,,
Gautam Buddha Faculty of Environment Science,KediaSewaGram,"20,Birgunj","528793,522092",,kedia@atcnet.com.np,,522086,
Gautam Buddha It & Management College,Maitidevi,,4411805,,,,,
GEMS Institute Of Higher  Education,Dhapakhel,,"500311,5003131",,,,,
Geomatic Institute of Technology,Buddhanagar,,4784379,,surveycollegenepal@gmail.com,,,
Glacier International,Shantinagar,,"4107509,4107802",,,,,
Global Academy of Tourism & Hospitality Education,Mandikhatar,"9562,Ktm","4376048,4650176",,info@gate.edu.np,www.gate.edu.np,4781139,
Global College,Lagankhel,,"5523374,5554641",,,,,
Global College Of Management,MidBaneshwor,,"4488312,4472083",,nibbsta@yahoo.com,www.globalcollege.edu.np,,
Global College of Management,Mid-Baneshwor,24835,"4488312,4475254",,info@proed.edu.np,www.proed.edu.np,4472083,
Global Village College,Lagankhel,,"5522521,5523374",,,,,
Goethelnstitue CXenter Nepal,Thapathali,,4250871,,,,,
Golden Gate Int'l College,Battisputali,"4059,Ktm","4477082,4495165",,info@goldengate.edu.np,www.goldengate.edu.np,4466795,
Goldengate Int'l College (GGIC),"Battisputali,Kathmandu",4059,"4477082,4466795,4495165",,,,,
Gorkha Campus,Gorkha,,064-420233,,,,,
GPMNC Nursing Campus,Baluwater,,4437491,,,,,
Gramin Adarsha Multiple Campus,NepalTar,"23683,Ktm","4354124,4481704/5",,,,,
Grand Academy College of Science & Management,Kumaripati,,"5536119,5538278",,,,,
Greenfield International College,Baphal,"21771,Ktm",4672553,,info@greenfield.edu.np,www.greenfield.edu.np,,
Gupteshwor Campus,Parbat,,067-420145,,,,,
Gyan Bigyan Higher Secondary School,Lagankhel,,"5528970,5552860",,info@gbhss.edu.np,www.gbhss.edu.np,5552860,
Gyan Kunja College,"Rabibhavan,Sunargaun",,"4272831,4272334,4270133",,gyankunj@hons.com.np,,,
Gyanodaya College,Sanepa,,"5521741,5548419",,grs@wlink.com.np,,,
Hajarijanak Vidhyapeeth,Dhanusha,,520665,,,,,
Hanumanteswor Campus,Dolkha,,049-429161,,,,,
Harihar Sanskrit Vidhyapeeth,Arghakhanchi,,077-429356,,,,,
Harikhetan Campus,"Birgunj,Parsa",,522961,,,,,
Helpline Educational ServicesP.Ltd.,Lazimpat,,5515431,,,,,
Hetauda Campus,Hetauda,,520453,,,,529303,
Hetauda School of Management,Makawanpur,,520766,,,,,
Higher Education,Sanothimi,,"6631362,6630848",,,,,
Himala Darshan Campus,Solukhumbhu,,038-621220,,,,,
Himalaya Academy of Travel and Tourism,Thamel,,4423932,,,,,
Himalaya College,Siphal,"24502,Ktm","4471579,4472879",,hvm@wlink.com.np,,,
Himalaya College of Engineering,Sankhamul,,"4782016,4782634",,,,,
Himalayan College for Learning Excellance,Handigaun,,"4431670,6912770",,hicole@wlink.com.np,www.hicole.edu.np,,
Himalayan College of Agricultural Sciences & Technology (HICAST),Gatthaghar,"25535,Ktm",6630762,,hicast@wlink.com.np,www.hicast.edu.np,,
Himalayan College Of Geomatic Engineering & Resources Management,Handigaon,,4430897,,,,,
Himalayan College Of Health Sciences,Kapan,,"4810671,4812500",,,,,
Himalayan Institute of Science & Technology,NewBaneshwor,9639,4784951,,hist@wlink.com.np,www.hist.edu.np,4784954,
Himalayan Nursing Campus,Satdobato,,"5203551,2230095",,hncg@wlink.com.np,,,
Himalayan Open College,OldBaneshwor,,4476685,,,www.himalayan.edu.np,,
Himalayan White House Int'l College,NewBaneshwor,"9026,Ktm","4487562,4494138",,info@whitehouse.edu.np,www.whitehouse.edu.np,4474851,
Hope International College,Satdobato,8975EPC1365,"5545167,5544736",,hope@mos.com.np,www.hopenepal.com,,
IATA Campus of Hospitality Management,Kantipath,,"4254104/06,4233192",,info@iataacademy.com,www.iataacademy.com,,
Ichm Hotel Management College,Shantinagar,,"4107788,9851116386",,,,,
IEC School of Art & Fashion,AdarshNagar,,231874,,,,,
IEC School of Art & Fashion,MainRoad,,521330,,,,,
IEC School of Art & Fashion,StationRoad,,523841,,,,,
IEC School of Art & Fashion,Bhairahawa,,540109,,,,,
IEC School of Art & Fashion,Baghbazar,,"4247475,4247528",,ieckn@rediffmail.com,www.iecsaf.com,4247528,
IEC School of Art & Fashion,Chipledhunga,,522136,,,www.iecsaf.com,,
IIST Collage,Sinamangal,,4110544,,info@iistnepal.com,www.iistnepal.com,,
IIST College,Sinamangal,,"4110544,2239730",,info@ilstnepal.com,www.iistenepal.com,,
IIST College,Sinamangal,,4110544,,,,,
Indreswor Campus,Panauti,,661322,,,,,
Infomax College of Information Technology & Management,Ranipauwa,,535735,,mail@icitm.edu.np,www.icitm.edu.np,521342,
Informatics College,KamalPokhari,,"4412929,4420054",,info@infomatics.edu.np,www.informatics.edu.np,,
"Institute of Advanced Communication, Education & Research",Baneshwor,,"4471915,4467528",,info@iacer.edu.np,www.iacer.edu.np,,
"Institute of Advanced Communication, Education & Research (IACER)",OldBaneshwor,"21959,Ktm","4471915,4467528",,iacer@wlink.com.np,www.iacer.edu.np,,
Institute of Banking & Mangement (IBM) Studies,Bagbazaar,8973NPC613,4259955,,info@ibmstudies.com.np,www.ibmstudies.com.np,4241994,
"Institute of Crisis Management Studies,Samarpan Academy","Dhumbarahi,04",4181,+97714008181,+97719841856748,info@tuicms.edu.np,www.tuicms.edu.np,,Nepal
Institute of Engineering,Pulchowk,"1915,Ktm","5521251,5521531",,cesioe@healthnet.org.np,,5525830,
Institute of Forestry,Pokhara,,521563,,,,,
Institute of Management Studies,Thapathali,"215,Ktm","4253250,2030239",,info@imsnepal.edu.np,www.imsnepal.edu.np,2030239,
Institute of Medicine,Maharajgunj,"1524,Ktm","4418187,4410911,4412040",,iomdean@iom.edu.np,www.iom.edu.np,4418186,
Institute of Open Learning,Bijulibazar,,4487086,,,,4487086,
Intensive International Academy,"Maru,Bhimsensthan",,"4265726,4261179",,info@intensive.edu.np,www.intensive.edu.np,,
Intensive International College,Teku,,4242319,,,,,
International Center For Academics (ICA),Gyaneshwor,8973NPC841,"4445540,2042289",,ica@ica.edu.np,www.ica.edu.np,,
International College Of Hospitality Management (LCCI),"NewBaneshwor,ShantinagarGate",,"4107788,4107834",,ichmnepal@gmail.com,www.ichm.edu.np,+9771-1-4107788,
International Hotel Management School,"Lainchour,Kathmandu",8856,9851040079,,samir@americanhospitalityacademy.com,www.ahahotelschools.com,,
International School  Of Tourism & Hotrel Management,Dillibazar,5196,"4434350,4434185",,info@ist.org.np,www.ist.org.np,"97714434177,4109026",
International School of Management & Technology,Tinkune,8975EPC5216,"4485278,4485279",,administration@ismt.edu.np,www.ismt.edu.np,,
International School of Tourism & Hotel Management,Dillibazar,"5196,Ktm","4434350,4434185",,info@ist.org.np,www.ist.org.np,4434177,
IOM-CPSP Linkage Programme (T.U. Institute of Medicine),Maharajgunj,"2758,Ktm",4416224,,cpsp@iomdit.org.np,,4416224,
Jagannath Campus,Baitadi,,095-520170,,,,,
Jaljala Higher Secondary School,Nardevi,"3347,Ktm","4255521,4259659",,sr_maskey@hotmail.com,,,
Jana Adarsha Campus,"Thimi,Bhaktapur",,6633733,,grthimi@hotmail.com,,,
Jana Bhawana Campus,Chapagaon,,5570512,,,,4422100,
Jana Bikash College/Institute with CMB Univ.,"Lekhnath,Kaski(Gandaki)",,(061)432601,,janabikash2@gmail.com,,,Nepal
Jana Jyoti Campus,Mahendranagar,,099-523831,,,,,
Janajyoti Campus,"Lalbandi,Sarlahi",,"046-529000,529113",,,,,
Janaki Medical College Teaching Hospital,Janakpur,,"5241741,524214",,info@jmcedu.com,,,
Janakpur Campus,"Janakpur,Dhanusha",,"520191,521087",,,,,
Janakpur Engineering College,Dhanusha,,525646,,,,,
Janamaitri Multiple Campus,KuleshworHeight,,"4277202,4286283",,info@janamaitri.edu.np,www.janamaitri.edu.np,,
Janapremi College,Kaushaltar,,"6630967,6914696",,gess@wlink.com.np,,,
Janapriya Multiple Campus,Simalchaur,,"522287,531822,535287",,,,,
Janata Adarsha Multiple Campus,Morang,,523900,,,,,
Janata Bahumukhi Campus,Itahari,,580064,,,,,
Janata Campus,Punarbas,,099-529202,,,,,
Janata Law Campus,Biratnagar,,523900,,,,,
Janata Multiple Campus,"Itahari,Sunsari",,581300,,,,,
Janata Sudarshan Campus,Parbat,,067-420322,,,,,
Janata Vidhyapeeth,Dang,,082-521107,,,,,
Jaya Multiple Campus,Jorpati,,"4910340,4910881",,,,,
Jaya Prithvi Campus,Bajhang,,092-421075,,,,,
Jubilant College,Kalimati,26234,"4272725,4272511",,info@jubilantcollege.edu.np,www.jubilantcollege.edu.np,,
Jubilant College Affiliated To HSEB & TU,Kalimati,,"4272511,4272725",,,,,
Jumla Campus,Jumla,,"087-529315,529311",,,,,
Jwala Prasad Shyo Bai Devi Murarka Campus,"Lahan,Siraha",,033-560252,,,,,
K Adn K College,NewBaneshwor,,4474557,,,,,
K.I. College,NewBaneshwor,,4783619,,,,,
Kadambari Memorial College of Science & Management,Sankhamul,15142KPC395,"2030346,4782982",,kmcollege@websurfer.com.np,,4787442,
Kailali Mulitple Campus,Dhangadi,,"091-521223,521122",,,,,
Kalika Campus,Rambazar,,524385,,,,,
Kalika M. College/School,"PokharaUnit,Kaski,GandakiZone",,(061)520145,,kalikamlt@gmail.com,,,Nepal
Kamana International College,"Banasthali,Dhungedhara",,"4880422,4880419",,,,,
KandK College,"NewBaneshwor,Kathmandu",,014497515,,info@kandk.edu.np,www.kandk.edu.np,,Nepal
Kanjirowa national School,Balkumari,,4601004,,,,,
Kankai Campus,"Birtamod,Jhapa",,"023-540095,540055",,,,,
Kantipur City College,Putalisadak,"12837,Ktm","4430239,4437093",,admin@kcc.edu.np,www.kcc.edu.np,4441417,
Kantipur City College,Putalisadak,12837,"4437093,4430239",,rajukattel@kcc.edu.np,www.kcc.edu.np,+97714441417,
Kantipur College of Business Management & Humanities Studies,Nayabaneswor,,"4474557,4497515",,info@kand.edu.np,,,
Kantipur College of Management & Information Technology,NewBaneshwor,,4479939,,kcmit@wlink.com.np,www.kcmit.edu.np,,
Kantipur College of Medical Science,Sitapaila,"14121,Ktm",4279723,,,,4302891,
Kantipur Dental College Teaching Hospital & Research Centre,Dhapasi,,"4385910,4385911,2151490",,ksdktm@gmail.com,www.kantipurdental.edu.np,4385912,
Kantipur Engineering College,Dhapakhel,"8849,Ktm","5571004,5571005",,admin@kec.edu.np,www.kec.edu.np,5570344,
Kantipur Engineering College,"Dhapakhel,Lalitpur",8849,"5571004,5571005",,admin@kec.edu.np,www.kec.edu.np,+97715570344,
Kantipur Hotel Management & Interior Designer College,Buddhanagar,,"4780564,4783904",,khmc@wlink.com.np,,4785214,
Kantipur School of Health Science,newroad,,"538334,530725",,kdhpkr@hotmail.com,,,
Kantipur Valley College,Kumaripati,,5538233,,jm_amatya@hotmail.com,,5538010,
Kanya Campus,Biratnagar,,523270,,,,,
Kanya Campus,Pokhara,,522256,,,,,
Kanya Multiple Campus,Dillibazar,,"4418118,4417130",,,,,
Kapilvastu Multiple Campus,Taulihawa,,"076-560329,560181",,,,,
Karnali College of Health Science,Ratopul,,"4481967,4470205",,info@karnalicollege.edu.np,www.karnalicollege.edu.np,,
Kasthamandap HSS/College,Kalanki,5817,"4288965,4289257",,kasthamandapcollege@gmail.com,www.kasthamandapcollege.edu.np,,
Kathford International College of Engineering & Management,Balkumari,,"5201241,2050226",,info@kathford.edu.np,www.kathford.edu.np,,
Kathmandu Academy,Sanogaucharan,,"4410485,4410235",,info@ktm.edu.np,www.ktm.edu.np,,
Kathmandu Academy of Tourism & Hospitality,Kalimati,"3310,Ktm","4275261,4270330",,info@kathtourism.edu.np,www.kathtourism.edu.np,4275176,
Kathmandu Academy Society of International Studies,SanoGaucharan,,4410235,,info@ktm.edu.np,www.ktm.edu.np,,
Kathmandu Barsha College,Tinkune,,"4471304,4471305,4111502",,prakash_42@hotmail.com,www.barshacollege.edu.np,,
Kathmandu BernHardt College,Balkhu,,"4036106,4036107",,bernharddt@wlink.com.np,www.bernhartdt.edu.np,,
Kathmandu Business School,Pingalsthan,,"4494763,4471787",,,,,
Kathmandu Campus,Ratopul,,"2003830,2003831",,barsha@wlci.in,,,
Kathmandu Campus,Thapathali,,4265828,,info@kathmanducampus.edu.np,,,
Kathmandu Campus,Birgunj,,"522122,523822",,info@kathmanducampus.edu.np,www.kathmanducampus.edu.np,,
Kathmandu Central College (KCC),NewBaneshwor,,"4467468,2230027",,,,,
Kathmandu College of Management,Gwarko,"11154,Ktm","5201997,5200746",,kcm@kcm.edu.np,www.kcm.edu.np,5201434,
Kathmandu Collegen Of Management,Gwarko,,5550434,,,,,
Kathmandu Community College,Sorakhute,,4358019,,,,,
Kathmandu Don Bosco Higher Secondary School & College,Balkumari,,4601004,,kdbc@mos.com.np,www.kathdonbosco.edu.np,,
Kathmandu Engineering College,Kalimati,"3928,Ktm","4284902,4276130",,info@keckist.edu.np,www.keckist.edu.np,,
Kathmandu Forestry College (KAFCOL),Koteshwor,"9594,Ktm",4600343,,kafcol@wlink.com.np,www.kafcol.edu.np,4602305,
Kathmandu Institute of Science & Technology (KIST),Kamalpokhari,"3928,Ktm","4434990,4434178",,kist@info.com.np,www.kist.edu.np,,
Kathmandu Medical College,Sinamangal,21266,"4469064,4476152",,kmc@healthnet.org.np,www.kmc.edu.np,4477920,
Kathmandu Model College,Kamaladi,"4470,24570","4242121,4242015",,kmc@wlink.com.np,www.ktmmodelcollege.edu.np,4269774,
Kathmandu Model School,Shankhamul,"24726,Ktm","4782634,4782016",,"kmc@wlink.com,np",www.ktmmodelcollege.edu.np,4269774,
Kathmandu Pragya Kunja College,"KritiMarga,Koteshwor",8973NPC870,6914739,,info@kpkc.edu.np,kpkc.edu.np,4602396,
Kathmandu School of Law (KSL),Tinkune,,2042268,,,,,
Kathmandu School of Law (KSL),Dadhikot,,"6634455,6634663",,info@ksl.edu.np,www.ksl.edu.np,6634801,
Kathmandu School Of Law (KSL),Dadhikot,,6634455,,,,,
Kathmandu School of Medical Technology,Bagbazar,,"4245537,4244142",,,www.ksmt.edu.np,4246837,
Kathmandu Shichha Campus,Putalisadak,,4230240,,,,,
Kathmandu University,Dhulikhel,,"661399,661511",,info@ku.edu.np,www.ku.edu.np,661443,
Kathmandu University Centre for Art & Design,Mandikhatar,"21990,Ktm",016916628,,kuart@wlink.com.np,www.kuart.edu.np,,
Kathmandu University School of Management (KUSOM),Balkumari,"6250,Ktm","5548891,5544078",,info@kusom.edu.np,www.kusom.edu.np,5533814,
"Kathmandu University School of Science, Management",Dhulikhel,"6250,Ktm","661399,663199",,kusom@wlink.com.np,,,
Kathmandu Valley College,Chhauni,"25129,Ktm","4271562,4272429",,kvc@wlink.com.np,www.kvc.edu.np,,
Kathmandu Valley College,Chunni...,,4271562,,,,,
Kathmandu Valley College  Science & Management,Tahachal,5872,"4271562,",,kvc@enet.com.np,,00977-1-4278953,
Kavre Campus,"Banepa,Kavre",,661133,,,,,
Khwopa Engineering College,"Libali,Bhaktapur","84,Bkt","6614794,6614978",,khwopa@wlink.com.np,,6615202,
Khwopa Higher Secondary School,Chyamasingh,,"6610932,6614336",,,,,
King's College,OldBaneshwor,8973NPC122,4471162,,info@kingscollege.edu.np,www.kingscollege.edu.np,,
King's College,oldBaneshwor,8973,4471162,,info@kingscollege.edu.np,www.kingscollege.edu.np,,
Kist College of Information Technology,Kamalpokhari,3928,"4434990,4434178",,kist@info.com.np,www.kist.edu.np,,
Kist College of Management,KamalPokhari,,"4434990,4434178",,kist@info.com.np,,,
Kist Degree College,Kalamiti,,4284902,,,,,
Kitini Higher Secondary School & College,Godawari,,5560564,,,,,
Kits College of Nursing,DilliBazar,,"4221875,4780517",,,,,
Kits College of Science and Management,Kamaladi,,"4221875,4251409",,,,,
KITS College/HIC,Kamaladi,,"4221875,4251409",,,,,
Kits Educational Foundation,Kamaladi,,"4221875,4251409",,,,,
KMC,Bagbazar,,,,,,,
Koshi Campus,Morang,,528537,,,,,
Koteshwor Multiple Campus,Koteshwor,"13239,Ktm","4470306,4481945",,,,,
Kumarbarti Banijya Campus,Nawalparasi,,078-540115,,,,,
Kumari Multiple Campus,Baudha,10556,"4466821,4470408",,info@kumari.edu.np,www.kumari.edu.np,,
L. R. I. College,Kalankisthan,"4081,Ktm","4271188,4278515",,lri@enet.com.np,www.lrischool.edu.np,4302703,
L.A. College of Management,Hattiban,"8322,Ktm",5250777,,info@lacm.edu.np,,5250888,
Lahan Campus,Lahan,,033-560252,,,,,
Lalit Multiple Campus,Pulchwok,,5534181,,,,,
Lalitkala Campus,Bhotahity,,4249681,,,,,
Lalitpur College,Kupondole,,"5524284,5522535",,info@lalitpurcollege.edu.np,www.lalitpurcollege.edu.np,5521219,
Lalitpur Nursing Campus,Sanepa,"21885,Ktm","5521634,5526490,5529476",,lnc@mail.com.np,www.lnc.edu.np,5529476,
Lalitpur Valley College,Jawalakhel,"12088,Ktm",5523321,,contact@lvc.edu.np,www.lvc.edu.np,5533857,
Lamjung Campus,"Lamjung,Sundarbazar",,066-529313,,,,,
LBEF A Student Capital Campus,Maitidevi,,"4411805,4444356",,admin@lbef.org,,977-1-4443468,
Liberty College,"Pragatimarga,Anamngar",10407,4222612,,rishi.chapagai@libertycollege.edu.np,www.libertycollege.edu.np,,
Liberty College,Anamnagar,"10407,Ktm",4222612,,info@libertycollege.edu.np,,,
Lincoln College,Gongabu,,"4382774,4363024/25",,,,,
Little Buddha College of Health Science,Gyaneshwor,,"4424319,4423600",,,,,
Local Development Training Academy,Jawalakhel,,"5521051,5525346",,,,,
London College Of Business & Computing,Maharajgunj,,4421933,,,,,
Lord Buddha College,Maharajgunj,,"4429514,4424152",,,,,
Lord Buddha Education Foundation,Maitidevi,,"4411805,4424431,4444356",,info@lbef.org,www.lbef.edu.np,4443468,
Lord Buddha Education Foundation,HanumanDasRoad,,526113,,info@lbef.org,www.lbef.org,,
Lord Buddha Education Foundation,BhanuChowk,,523887,,info@lbef.org,www.lbef.org,,
Lord Buddha Education Foundation,Birgunj,,526555,,info@lbef.org,www.lbef.org,,
Lord Buddha Education Foundation,NewBaglungBuspark,,535735,,info@lbef.org,www.lbef.org,,
Lord Buddha Educational Academy (Nepalgunj Medical College),RamshahPath,"1011,Ktm","4434908,4433073",,lbea@enet.com.np,www.ngmc.edu.np,4430413,
Lord Buddha Educational Academy (Nepalgunj Medical College),"Chisapani,Banke",,"521572,522932,520834",,ngmc_npj@wlink.com.np,www.ngmc.edu.np,521152,
Lord Buddha HRD Academy,BhanuChowk,,"523887,523987,520225",,lbha@lbef.org,www.lbef.org,,
Loyala College,Batisputali,,4473505,,,,,
Loyala International College,NewBaneshwor,,"4494143,016223236",,info@loyolacollege.edu.np,www.loyolacollege.edu.np,,
Lumbini Commerce Campus,Butwal,,540500,,,,,
Lumbini Engineering College,"Butwal,Rupandehi",,"561959,561030",,	lumbiniec@yahoo.com,,561959,
Lumbini ICT College,Gaindakot33000,,078502188,,,,,Nepal
Lumbini International College,Mahalaxmisthan,8975EPC5666,"5527054,5531846",,licalevel@gmail.com,www.lic.edu.np,,
M & M Academy of Computer Science,"RamshahPath,Kathmandu",,014419462,,mmcomputer2002@hotmail.com,,,Nepal
Machhapuchhre Sichha Campus,Pokhara,,529303,,,,,
Madan Bhandari Memorial College,"Binayaknagar,NewBaneshwor",,4464775,,mbmcollege@wlink.com.np,www.mbmc.edu.np,,
Mahakali Campus,Kanchanpur,,099-529212,,,,,
Mahakavi Devkota Campus,Nawalparasi,,078570049,9857028694,mdc60_edu@yahoo.com,,,Nepal
Maharaja Agrasen Faculty of Management,KediaSewaGram,"20,Birgunj","528793,522092,522297",,kedia@atcnet.com.np,,522056,
Mahendra Adarsha Vidyashram,Satdobato,,"5521486,5550598",,,,,
Mahendra Bindeshwori Campus,Rajbiraj,,031-520292,,,,,
Mahendra Campus,Baglung,,520113,,,,,
Mahendra Morang Multiple Campus,Morang,,"522916,526791,525436",,,,,
Mahendra Multiple Campus,Baglung,,068-520113,,,,,
Mahendra Multiple Campus,Dang,,082-560035,,,,,
Mahendra Multiple Campus,CollegeRoad,,"520150,521546",,,,,
Mahendra Multiple Campus,Nepalgunj,,"520278,525578",,,,,
Mahendra Ratna Campus,Tahachal,"1048,Ktm",4271728,,,,,
Mahendra Ratna Multiple Campus,Ilam,,027-520020,,,,,
Mahendra Sanskrit Research Centre,Basantapur,,4247445,,,,,
Mahendra Sanskrit University,Dang,,082-520965,,,,,
Mahendra Sanskrit University,Basantapur,"5003,Ktm","4221510,4247445,4247490",,,,4221510,
Mahendranagar Medical College,Mahendranagar,,"099-524949,524514",,,,,
Mahendrodaya Campus,Ramechap,,048-520321,,,,,
Mahesh Sanskrit Gurukulam Vidhyapeeth,Devghat,,075-529418(PCO),,,,,
Mahsa University College,KualaLumpur,,"+603-20929999,+603-20929915",,shashikumar@mahsa.edu.my,www.mahsa.edu.my,+603-20931599,
Makwanpur Multiple Campus,Hetauda,,520620,,,,,
Malpi Institute,Gairidhara,8975EPC4222,"4427540,4410482,4004636,4004647",,mi@mail.com.np,,,
Malpi International College,Baluwatar,8975EPC4073,"4442066,4442067,4442068",,mic@mos.com.np,www.mic.edu.np,4442069,
Management Campus,Biratnagar,,524752,,mgcampus@ccsl.com.np,,,
Management College in Nepal,"BuddhaNagar,Kathmandu",25840,4780894,,mail2pbs@gmail.com,www.presidential.edu.np,,Nepal
Manamohan Memorial College,Sorakhutte,"19371,Ktm","4360271,2090603",,manamohan@mos.com.np,,,
Mangal Multiple Campus,Kirtipur,,"4330544,4335560",,,,,
Manipal College,Kathmandu,,4277819,,,,,
Manipal College of Medical Sciences,Pokhara,"155,Pkr","440600,440387",,mcoms@mos.com.np,,440260,
Manmohan Memorial Institute of Health Sciences,Lalitpur,,"5551160,5551011",,mmiohs@gmail.com,www.mmihs.edu.np,5555311,
Manohar Shahid Smarak Campus,Gongabu,,4353982,,,,,
Marshyangdi Campus,Lamjung,,066-520213,,,,,
Matru Entrance Academy,Putalisadak,,"4168187,4168317,2042781",,matruacademy@gmail.com,,,
MB Kedia Dental Institute,KediaSewaGram,"77,Birgunj",528729,,,,,
Mechi Multiple Campus,Bhadrapur,,023-520044,,,,,
Medicine Campus,RamGhat,,520438,,,,,
Mega college,Babarmahal,13325,"4252488,4239450",,info@nepalmegacollege.edu.np,www.nepalmegacollege.edu.np,,
Merryland College,Teenkune,"10473,Ktm",2050311,,,,,
Metro College,NewBaneshwor,,"4474114,4472385",,,,,
Metropolises Colleges,Biratnagar,,525344,,,,,
Metropolitain Higher Secondary School & College,NewBaneshwor,,4474114,,,,,
Microbit International College,SrijanaChowk,,531288,,anmalgrg@ntc.net.np,,,
Milestone Int'l College,Balkumari,12671,"5539060,5547582",,info@milestone.edu.np,www.milestone.edu.np,,
Millennium National Model Educational Center,Lainchour,,"4423706,4422050",,,,,
Model College of Management,Janakpur,,523666,,,,,
Modern collage of Management,Bhaktapur,,6632927,,info@mcm.edu.np,www.mcm.edu.np,,
Modern Nepal College,Putalisadak,"8975,5929","4248219,2020052,4240028",,mnc@vianet.com.np,www.mncollege.edu.np,,
Modern Nepal College,Bagbazar,8975EPC5929,"4252289,4240028",,mncb03@yahoo.com,www.mncollege.edu.np,,
Molihss  Moonlight Higher Secondary School,"PrayagPokhari,Lagankhel","5524311,5527525","8975,2982",,info@molihss.edu.npcc,http;\\www.molihss.edu.np,977-1-5524311,
Morgan  International College,Basundhara,,4354088,,,,,
Morgan International College,Basundhara,,"4354088,4356876,4389516",,info@morgancollege.edu.np,www.morgencollege.edu.np,4389339,
Mount Annapurna Campus,Poolbari,"443,Pkr","522650,532636",,macpkr@cnet.net.np,,,
Myagdi Campus,BeniBazar,,069-520109,,,,,
Myaglung Campus,"Myaglung,Tehrathum",,026-460120,,,,,
NAAST College,Dharan,,525651,,,,,
Nagrajun International School,Kupondole,,5546359,,,,,
Namuna College of Fashion Technology,Bansbari,8975EPC4144,"4377201,4377897",,ncft@wlink.com.np,www.namuna.edu.np,,
Namuna Collegen Of Fashion Technology,"Bansbari,Kathmandu",8975,"4377201,4377897",,info@wlink.com.np,www.namuna.edu.np,,
Narendra Budhi Bhakta Adarsha Campus,Lamjung,,066-529305,,,,,
NAS Institute,NewBaneshwor,,"4785286,4785287",,info@nasa.edu.np,,,
Nasa International College,Gairigaun,10315,"4460379,4498538,4479850",,info@nasacollege.com,,4479850,
Nasa International Education Network,Tinkune,,"4460397,4479849",,info@nasacollge.com,www.nasacollege.com,,
Natinal College,Baluwater,,4429871,,,,,
Natioanal Campus,BalkumariLalitpur,14350,"5201331,5201334",,pwn@hotmail.com,www.nationalcampus.edu.np,,
Natioanal Open College,SanepaLalitpur,"1665,8975","55480899,550326",,info@noc.edu.np,www.noc.edu.np,,
National Academy for Engineering Edcuation,Kupondole,,"5539152,5548811",,gghimire74@yahoo.com,www.naee.edu.np,,
National Academy for Medical Education(NAME),Putalisadak,,"4231144,4244895",,,,,
National Academy of Applied Science & Technology,Dharan,,525651,,,,,
National Academy of Science & Commerce,Sunsarimaisthan,,523215,,,,,
National Academy of Science & Technology (NAST),Dhangadhi,,091-521312,,,,091-523949,
National Campus,"Imadole-5,BalKumari",2021,5201331/34,,nationalcampus@nationalcampus.edu.np,www.nationalcampus.edu.np,5201641,
National Campus for Business Studies,Kamalpokhari,"14350,Ktm","4412684,4411298,4417109",,,,,
National College Center For Development Educational,Baluwater,,4420871,,,,,
National College Center For Development Studies,Baluwater,13543,"4420871,4440410",,ukeshbhuju@hotmail.com,www.nche.edu.np,,
National College Centre for Development Studies,Baluwatar,,"4420871,4440410",,menavinjha@yahoo.com,www.nche.edu.np,,
National College for Advanced Learning,Lainchour,,"4423706,4422050",,,,,
National College of Accountancy (NAC),Baneshwor,,"4495045,4465032",,,www.nca.edu.np,4471736,
National College of Computer Studies (NCCS),Paknajol,,"4251711,4267961,4228807",,info@nccs.edu.np,www.nccs.edu.np,,
National College of Computer Studies (NCCS),Paknajol,,"4251711,4267961",,info@nccs.edu.np,www.nccs.edu.np,,
National College Of Computer Studies (NCCS),Kantipath,,4243957,,,,,
National College of Engineering,BanasthaliChowk,"8908,Ktm","4356571,4350270",,ncollege@ncts.com.np,www.ncts.com.np,4273563,
National College of Technical Sciences,BanasthaliChowk,"8908,Ktm","4350270,4357328",,ncollege@ncts.com.np,www.ncts.com.np,4273563,
National Institute Of Nursing Educational,Putalisadak,,4219985,,,,,
National Institute of Science & Technology,Lainchour,,"4423706,4422050",,,,,
National Institute Of Science (NIS) Patan,Bakhudole,,5532854,,,,,
National Integrated College (NIC),Charkhal,,"4442098,4442722,4481967",,niccollege@wlink.com.np,www.nic.edu.np,,
National Medical College,Birgunj,,"532260,522915,522918",,,,532226,
National Multiple College,Satdobato,,"5544367,5538025",,nnc.gmp@ntc.net.np,,,
National multipul College Medical Science,Satdobato,,5544367,,,,,
National Open College (NOC),Sanepa,8975EPC1665,"5548098,5520326",,noc@ntc.net.np,www.noc.edu.np,5520326,
National School of Sciences,Lainchour,"8659,Ktm","4423706,4422050,4435408",,,www.nist.edu.np,4428724,
National View College,ThapaGaun,,4474114,,,,,
National Vision Nursing Campus,NewBaneshwor,,4472667,,,,4470938,
Nava Jeewan HSS & College,Samakhushi,13544,"4364150,4352173",,navajeewan@yahoo.com,www.navajeewan.com,,
Navadurga Multiple Campus,Bhaktapur,,"6610202,6612067",,,,,
Navodit Commerce College,Samakhusi,,"4351350,4360281",,,,,
"NCA, National College Of Accountancy",Kathmandu,,"4495045,4465032",,,,,
Nepal Academy of Tourism & Hotel Management,Rabibhawan,,"4270073,4270605",,nathm@mos.com.np,www.nathm.edu.np,4271780,
Nepal Academy Of Tourism & Hotel Management (NATHM),"Rabibhawan,KalimatiKathmandu",4715,"4270073,4271780",,gbkarki@yahoo.com,www.nathm.edu.np,977-1-4271780,
Nepal Adarsha Campus,Wailing,,063-440219,,,,,
Nepal Administrative Staff College,Jawalakhel,,"5522160,5523517,5522002",,,,,
Nepal Baptist Bible College,"Imadol,Lalitpur",8975EPC1051,"5201593,2221216",,nbbcnepal@gmail.com,www.nbccnepal.org,,
Nepal Bebasthapan College,Anamnagar,,"4224475,4240475",,man@man.org.np;ed@man.org.np,www.man.org.np,4240475,
Nepal College of Engineering & Management,OldBaneshwor,,"4109181,4109183",,infoncem@gmail.com,,4109183,
Nepal College of Information Technology,Balkumari,,"5006354,5006356",,info@ncit.net.np,www.ncit.net.np,5006360,
Nepal College of Information Technology,Balkumari,"8975,EPC1525","5006354,5006270",,info@ncit.net.np,www.ncit.net.np,5006360,
Nepal College of Management,Dhobighat,"1138,Ktm","5540752,016915638",,ncm@wlink.com.np,www.ncm.edu.np,,
Nepal College of Travel & Tourism Management,Naxal,"9689,Ktm.",4413097,,ncttm@ncttm.com,www.ncttm.com,4242573,
Nepal Commerce Campus,MinBhawan,,4482748,,info@ncc.edu.np,,,
Nepal Engineering College,Changunarayan,"10210,Ktm","6611744,2071153",,info@nec.edu.np,www.nec.edu.np,6611681,
Nepal Homoeopathic Medical College,RangeliRoad,,533933,,homoeopathic@wlink.com.np,www.nepalpages.com/nepalhomoeopathic,,
Nepal Institute of Health Science,Boudha,"21749,Ktm","4470224,4471676",,stupa@healthnet.org.np,,4493646,
Nepal Institute of Management & Science (NIMS),Lagankhel,,5535872,,,,,
Nepal Law Campus,ExhibitionRoad,"1247,Ktm",4225358,,,,,
Nepal Medical College,"Attarkhel,Jorpati",,4486008,,,,4912118,
Nepal Mega College (Mega Center For excellence),Babarmahal,,"4252488,4239450",,info@nepalmegacollege.com,www.nepalmegacollege.com,,
Nepal School of Nursing,MohoriyaTole,"359,Pkr",520935,,nsonpokhara@wlink.com.np,,,
Nepal Science Campus,Putalisadak,,4228681,,,,,
Nepal Tourism & Hotel Management College,Chhinnedanda,"202,Pkr","432333,431678",,	tohtlmgt@fewanet.com,www.tourhotelmgt.edu.np,432222,
Nepal Vidythapeeth,Maitidevi,,"4411805,4424431",,mite@lbef.org.,www.lbef.org.,4443468,
Nepalgunj Medical College,B.PChowk(HeadOffice),,"521572,522932,520834",,ngmc_npj@wlink.com.np,,521152,
Nepalgunj Medical College,Ramshahpath,"1011,Ktm","4434908,4433073",,lbea@enet.com.np,,4430413,
Nepalgunj Nursing Campus,Nepalgunj,,520950,,,,,
Neuro Health College,Biratnagar,,535464,,,,,
New Leera College,Bhatbhateni,,4411508,,,,,
NIC College,Dillibazar,,"4442098,4442722",,niccollege@wlink.com.np,www.nic.edu.np,,
Nicholson College (HSS),Sallaghari,"54,Bkt","6610662,6615931",,nicholson@enet.com.np,,,
Nightingale College,Kupondole,,"5535663,5541420,5551829",,,www.nightingale.edu.np,,
Nil Kantha Campus,Dhading,,010-520106,,,,,
NiMS Collage,Lalitpur,,5538017,,,,,
NIMS College,Lagankhel,,5535872,,,,,
NIST College,Patan,,5532854,,,,,
Nist Higher Education Complex,Naybazar,,"4360096,4360367,016224343",,,,,
Nobel College,NewBaneshwor,,"4781401,4781515",,info@nobel.edu.np,,4476990,
Nobel Institute (P) Ltd.,Putalisadak,"20650,Ktm","4248417,4261374",,info@nobelinst.com,www.nobelinst.com,4245333,
Nobel Medical College,Kathmandu,"20650,Ktm","9851084282,9741136412",,info@nobelmedicalcollege.com,www.nobelmedicalcollege.com,,
Nobel Medical College,Morang,"278,Brt",460736Ext.812,,hosdir@nobelmedicalcollege.com,www.nobelmedicalcollege.com,460624,
NTP Tourism Affairs (P.) Ltd.,Kantipath,,"4266611,4254104/06",,info@iataacademy.com,www.iataacademy.com,,
Nursing Campus,Nepalgunj,,520160,,,,,
Nursing Campus,Maharajgunj,,"4720423,4721266",,,,,
Nursing Campus,Biratnagar,,522882,,,,,
Nuwakot Adarsha Campus,"Battar,Nuwakot",,010-560157,,,,,
Okhaldhunga Campus,Okhaldhunga,,"037-520249,520217",,,,,
Olympia Educationa Foundation,"Babarmahal,Kathmandu",,"4220449,4220265",,manoj@oliyampia.edu.np,www.olympia.edu.np,,
Olympia World College (Olympia Education Foundation),Babarmahal,,"4220449,4220265",,admissions@olympia.edu.np,www.olympia.edu.np,,
Om Health Campus Pvt. Ltd.,Chabahil,,"4465451,4465453",,,www.omcampus.com.np,,
Om Mahavidhalaya,"Santpur,Rautahat",,055-540185,,,,,
Omega International Collage,Kumaripati,286,5550563,,info@omega.edu.np,www.omega.edu.np,,
Orbit Int'l College,"Khasibazar,Kalanki",8974CPC471,4286231,,info@orbit.edu.com,www.orbit.edu.np,4441275,
Orient College,Maharajgunj,,"4721445,4720158,4720651",,info@orientcollege.com,www.orientcollege.com,,
Orient College (A Level Cambridge University),Maharajgunj,,"4721445,4720158,4720651",,info@orientcollege.com,,,
Oxbridge International H.S. School,"Mahalaxmisthan,Lagankhel","348,lalitpur",5523711,,info@oxbridge.edu.np,www.oxbridgeedufoundation.com,0977-1-5531171,
Pacific Hospitality and Culinary Academy,"Setopool,Maitidevi,Kathmandu",,014419231,9851183291,pacifichcacademy@gmail.com,www.pacifichospitality.academy,,Nepal
Padhmashree Int'l College,Sitapaila,,2111404,,,,,
Padma Kanya Multiple College,Bagbazar,,"4221712,4224149",,pkcampus@wlink.com.np,,4258113,
Padmashree International Collage,Tinkune,15252,"4112252,4112403",,info@padmashreecollege.edu.np,www.padmashreecollege.edu.np,,
Paklihawa Campus,Rupandehi,,"520580,520191",,,,,
Palhi Campus,Nawalparasi,,078-520147,,,,,
Panchthar Campus,"Phidim,Panchthar",,024-520159,,,,520075,
Panini Campus,Arghankhanchi,,077-420206,,,,,
Pasang Lhamu Sherpa Memorial College,Gongabu,,4363000,,,,,
Paschimanchal Campus,Pokhara,,"520463,440093,440958",,,,,
Paschimanchal Engineering Campus,Pokhara,,520093,,,,,
Pashchimanchal Higher Secondary School,Gairapatan,"502,Pkr",527444,,pahss@fewanet.com.np,,,
Pashupati Multiple Campus,Chabahil,,"4470412,4468363/364",,,,,
Patan Multiple (Samyukta) Campus,PatanDhoka,"8554,Ktm","5521394,5526394",,,,5548469,
Patan Nursing Campus,Manbhawn,,5521634,,,,,
Pathibhara Campus,Taplejung,,024-460228,,,,,
Pentagon International College,Tinkune,,"4462745,4112324,4112325,4112422",,info@pentagonintl.com,"www.pentagon.edu.np,www.pentagonintl.com",,
People's Campus,Pakanajol,"20336,Ktm","4251990,4251412",,pcampus@wlink.com.np,,4257506,
People's Dental College & Hospital,Nayabazar,"21613,Ktm","4359181,4358937",,pdch@wlink.com.np,www.pd.ch.com.np,4359032,
Phulchowki Mahavidhalaya,Thaiba,,5560582,,,,,
Pindyeswor Vidhyapeeth,Dharan-14,,520285,,,,,
Pinnacle College,Lagankhel,,"5544023,5544024,5524723",,adpinnacle@wlink.com.np,www.pinnacle.edu.np,,
Pinnacle Education Foundation,Lagankhel,,"5544024,5544023",,,,,
Pinnacle Educationa Foundation,"Lagankhel,Lalitpur",,"5544024,5544023",,tiwari_prishi@yahoo.com,,,
PIONEER PROFESSTIONAL ACADEMY,"NAMEPremises,NirvanaBuilding,Putalisadak,Kathmandu",,+977-01-4267099,+9779801019987,,,,Nepal
Platinum Management College,Kalikasthan,,4418046,,,,,
Pokhara Campus,Pokhara,,521689,,,,,
Pokhara College of Management Studies,NewRoad,,527128,,	pcm@phewamail.com.np,,527128,
Pokhara College of Technology,Simalchaur,"42,Pkr","523163,5534683,532844",,pct@mail.com.np,www.pct.edu.np,5539304,
Pokhara Engineering College,Phirke,"P.O.Box540,pkr",531209,,info@pec.edu.np,www.pec.edu.np,528530,
Pokhara Multiple Campus,Pokhara,,521113,,,,,
Pokhara Nursing Campus,Pokhara,,520438,,,,,
Pokhara University,Gyaneshwor,"427,Ktm","4412196,4440905",,contact-office@pu.edu.np,,,
Pokhara University (Faculty of Management Studies),Pokhara,,561698,,,,561697,
Prabidhik Shiksha Tatha Babasaik talim Parisad,Sanothimi,,"6630408,6631458",,,,,
Pragya Commerce College,Thamel,,"4417028,4411894",,,,,
Prasadi Academy,Manbhawan,,5530562,,,,,
Premier College,Kathmandu,,"4467468,4469736",,,www.premiereducation.org.np,,
Prime College,NayaBazar,"9809,Ktm","4360180,4360182",,info@prime.edu.np,www.prime.edu.np,4362480,
Prime College,NayaBazar,,"4360180,4360182,4890086",,dineshshrestha@prime.edu.np,,,
Princeton College,Kumaripati,,5537556,,,,,
Prithivinarayan Campus,Pokhara,,"526837,520142,520143",,,,,
Prithwi Secondary Boarding School,Basundhara,,4354163,,prithwi@mos.com.np,,,
Progress Higher Secondary School,Dhobhighat,"20278,Ktm","5550676,5537314",,info@progress.edu.np,www.progress.edu.np,,
PTI College,Jawalakhel,,5536298,,aberdeen.aies@gmail.com,,,
Public Administration Campus,Jamal,"1509,Ktm",4251872,,,,,
Public Campus,Morang,,524955,,,,,
Public Youth Campus,Dhobichour,,"4251025,4251207",,pyc@info.com.np,,4251207,
Pulchowk Campus,CivilDept.,"1915,Ktm",5525477,,,,5525830,
Pulchowk Campus,MechanicalEngg.Dept.,"1915,Ktm",5542053-54,,,,5525830,
Purbanchal University,KathmanduContactOffice,,4493072,,,,,
Purbanchal University,Biratnagar,"142,Biratnagar","522165,534800",,purbuniv@ccsl.com.np,,521204,
Purwanchal Campus,Dharan,,520405,,,,,
Pyramid Int'l College,"Pingalasthan,Gaushala","7842,Ktm","4477140,4477141,4477142",,info@pyramidinternational.edu.np,www.pyramidinternational.edu.np,4477143,
Pyramid International College,"Pinglasthan,Gaushala",,"4477140,4477141,4477142",,info@pyramidinternational.edu.np,www.pyramidinternational.edu.np,4477143,
Quest International College,Gwarko,"286,Ktm","5547669,5521950",,info@quest.edu.np,www.quest.edu.np,2040259,
Radha Damodar Sanskrit Vidhyapeeth,Syanja,,075-529302(PCO),,,,,
Rainbow International College,Chhauni,,4280842,,,,,
Ram Mani Campus,Manigram,,560226,,,,,
Ram Raja Mohan Bikram Shah Campus,"Bhawanipur,Bara",,053-550204,,,,,
Ramailo Campus,Morang,,"528002,525089",,,,,
Ramananda Bisheshwor Mahendra Campus,"Jaleshwore,Mahottari",,044-520144,,,,,
Ramshwaroop Ramsagar Campus,Janakpur,,520174,,,,,
raswati Multipale Campus,Lainchour,,4411971,,,,,
Ratna Rajya Laxmi Campus,ExhibitionRoad,,4225819,,,,,
Rehdon Higher Secondary School & College,Samakhushi,"9960,Ktm","4352761,4364106",,rehdon@info.com.np,www.rehdoncollege.edu.np,,
Reliance International Academy,Chabahil,"809,ktm","4478836,4461445,9851055016",,ria@mail.com.np,www.rianepal.edu.np,4811763,
Republica International College,Kupondole,,"5521235,5528307",,info@advanceacademy.edu.np,www.advancedacademy.edu.np,,
Research Division University Grants Commission,Sanothimi,"10796,Ktm","6638548,6638550",,ugc@ugcnepal.edu.np,www.ugcnepal.edu.np,6638552,
Resunga Campus,Gulmi,,079-520145,,,,,
RIBS College of Advanced Learning,Kalankisthan,,"4312257,4312317",,ymb@wlink.com.np,www.nepal-schools.com/ribs,,
Royal  Nepal Academy of Science &Technology,Lalitpur,,5547714/22,,,,,
Royal Medical College,Kapan,"3874,Ktm",4810500,,rmcollege@enet.com.np,www.rmc.edu.np,4810781,
Royal Nepal Academy,Kamaladi,,"4224590,4221283",,,,,
Ruru Sanskrit Vidhyapeeth,Gulmi,,079-529440,,,,,
Russian Cultura lCentre,Kamalpokhari,,4415453,,,,,
S.S.M. Yadav Campus,Siraha,,033-520082,,,,,
S.V. Academy College,Buddhanagar,,"4783913,4784444",,mail@svacademy.edu.np,,,
Saan Institute Of Nursing (SION),Baluwater,,4473150,,,,,
Sagarmatha College,Dharan-10,,520263,,,,,
Sagarmatha Multiple College,Dillibazar,"19363,Ktm","4433334,4433810",,info@smcollege.edu.np,www.smcollege.edu.np,4433190,
Saheed Campus,"Rampur,Palpa","19363,Ktm",075-529412,,,,,
Sainik Memorial Academy,Kumaripati,,5537556,,,,,
Saipal Academy,NewBaneshwor,,4473749,,,,,
Saipal Academy,Sukedhara,,4378154,,,,,
Sankalpa  Professional Academy,SankhamulMarga,,4784880,,sankalpa2sankalpa.edu.np,www.sankalpa.edu.np,,
Sankhuwasabha Multiple Campus,"Chainpur,Sankhuwasabha",,029-570208,,,,,
SANN International College,Gairidhara,"5582,Ktm","4420509,4430840",,info@sann.edu.np,,4421803,
Sanothimi Campus,Bhaktapur,,"6630790,6610783,6630283",,,,,
Sanothimi PrabidhikShikshalaya,Sanothimi,,"6630388,6631279",,,,,
Sarada Vidhyapeeth,Kanchanpur,,099-521061,,,,,
Saraswati Multiple Campus,LekhnathMarg,,"4412272,4411971",,,,,
Saraswoti Kunj Higher Sec. School & College,Gyaneshwor,11764,4440992,,,,,
Sarlahi Campus,"Malangwa,Sarlahi",,046-520373,,,,,
Schems College,Maharajgunj,,"4721296,4720995",,schems_college@hotmail.com,www.schemscollege.edu.np,,
School of Environmental Mgt.Sustainable Dev (SCHEMS),NewBaneshwor.,,4486803,,schems@wlink.com.np,,4460317,
School of Geomatics,Gaushala,,4492576,,,,,
Seti-Mahakali Nursing Campus,Mahendranagar,,"099-524498,521917",,,,521501,
Shahid Smarak College,Kirtipur,,"4330279,4333937",,,,,
Shanker Dev Campus,RamshahPath,8974CPC370,"4226931,4226490",,,,,
Shanti Nikunj School,BhagwatiBahal,,4258145,,,,,
Shepherd College of Media Technology,Bhatbateni,"P.O.Box8269,ktm","4410210,4438342",,info@shepherd.edu.np,www.shepherd.edu.np,,
Shikhar Academy,Jawalakhel,,"5545629,5523191",,,,,
Shramik Shanti Campus,Chyashal,,5526456,,,,,
Shree Mahalaxmi Campus,Lubhu,,5580096,,,,,
Shree Medical & Technil College,Chitwan,,527879,,,,,
Shree Medical & Technological College,Bharatpur,,527897,,,,,
Shubha Shree College,Teenkune,,4460397,,,,,
Siddhanath Science Campus,Mahendranagar,,099-521220,,,,,
Siddhartha Banasthali Science Campus,Balaju,,4353099,,rupak@siddhartha.wlink.com.np,,4350078,
Siddhartha Gautam Buddha Campus,Rupandehi,,520135,,,,,
Siddhartha Multiple Campus,Mahendranagar,,099-521253,,,,,
Siddhartha University,Thaina,,5530607,,siddharthauniversity@hotmail.com,www.siddharthauniversity.org.np,5534967,
Siddhartha Vanasthali Institute,Balaju,,"4350075,4350884",,rupak@sidarth.wlink.com.np,,4352078,
Sigma College,Sorhakhutte,,4358484,,,,,
Silkroad International College,Basundhara,,4374168,,,,,
Silver Mountain Graduate Business School,Lazimpat,,2023846,,,,,
Silver Mountain School of Hotel Management,Lainchour,"8856,Ktm","4429151,4415038",,bhm@silvermountain.edu.np,www.silvermountain.edu.np,4444086,
Silver Mountain School of Hotel Management,Lainchaur,,"4415038,4429151",,bhm@silvermountain.edu.np,www.silvermountain.edu.np,,
Sindhuli Campus,Sindhuli,,047-520147,,,,,
Sirjana College of Fine Arts,Lazimpat,"10708,Ktm","4412634,4418455",,sirjana@infoart.com.np,,,
SM College Sagarmatha Multipile College,Dillibazar,,"4433334,4433810",,info@smcollege.edu.np,,977-1-4433190,
Snatak Campus,Darchula,,093-420238,,,,,
Snatakottar Campus,Biratnagar,,526327,,,,,
Softwarica College of IT & E-Commerce,PutalisadakChowk,,"4238441,4229591",,info@softwarica.com.np,www.softwarica.edu.np,,
Solukhumbhu Campus,"Solu,Solukhumbhu",,038-620225,,,,,
South Asian Institute of Technology (SAIT),"Sundhara,Patan","944,Ktm",5536975,,info@sait.edu.np,www.sait.edu.np,5536975,
Southwestern State College,Basundhara,8975EPC5343,"4355457,4355458",,info@southwestern.edu.np,www.southwestern.edu.np,4356482,
Southwestern State College Kathmandu,Basundhara,8975,"4355457,4355458",,rajendra@southwestern.edu.np,,,
Sringiswor Campus,Gulmi,,079-529334,,,,,
St. James College,Siphal,8973NPC808,4462650,,,,,
St. James College,Siphal,,4494765,,,,,
ST. Laurance College,Chabahil,,4487864,,,,,
St. Lawrence College,Chabahil,"1221,Ktm","4487864,4460996",,info@stlawrence.edu.np,www.stlawrence.edu.np,,
St. Xavier's College,Babarmahal,"7437,Ktm",4244636,,ktm@sxc.edu.np,sxc.edu.np,,
ST.Lawrence College,Chabahil,1221,"4469666,4487864,4461666",,info@stlawrence.edu.np,www.stlawrence.edu.np,00977-1-4460996,
Standard Chartered College,NewBaneshwor,,"4115690,4488312",,,,4472083,
Study Plus,Putalisadak,4246352,4266716,,go@studyplus.edu.np,www.studyplus.edu.np,,
Sukuna Campus,"Indrapur,Morang",,539717,,,,,
Sunkoshi Campus,"Ratamata,Sindhuli",,047-520190,,,,,
Sunway International Business School,Mid-Baneshwor,21900,"4464524,4464525",,info@sunway.edu.np,www.sunway.edu.np,,
Surkhet Campus,Birendranagar,,"083-520298,520125",,,,,
Sushma Koirala Memorial Nursing Campus,Battisputali,,"4489288,4488375",,skmnc@skmt.org.np,www.skmnc-ktm.com,4470112,
SV Academy Multiple College,NewBaneshwor,,"47893913,4784444",,,www.svacademy.edu.np,,
Swami Vivekananda Faculty of Tourism,KediaSewaGram,"20,Birgunj","528793,522092",,kedia@atcnet.com.np,,522086,
Sworga Dwari Campus,Pyuthan,,086-460089,,,,,
Takshashila Academy,Samakhusi,,"4357332,4410049,4354269",,info@tsa.edu.np,www.tsa.edu.np,,
Tansen Multiple Campus,Palpa,,075-520597,,,,,
Tej Ganga Mahavidhalaya,Panauti,,661028,,,,,
Texas Int'l College,"Mitrapark,Chabihal",1447,4479017,,info@texasintl.edu.np,www.texasintl.edu.np,977-1-4470469,
Texas Int'l College,"Mitrapark,Chabahil","1447,Ktm","4479017,9751002042",,info@texasintl.edu.np,www.texasintl.edu.np,4470469,
Thaames International College,Battisputali,,"4473219,4472672",,,,,
Thakur Ram Multiple Campus,AdarshaNagar,,"522187,522580",,,,,
Thames International College,OldBaneshworKTM.,1195,"4464584,4465660",,info@thamescollege.edu.np,www.thamescollege.edu.np,,Nepal
Thapathali Campus,Thapathali,"280,Ktm","4246307,4246465",,tcampus@mos.com.np,,4247340,
The Monach Galaxy College Of Hotel Management,Gyaneshwor,,4415873,,,,,
The New Summit College,OldBaneshwor,,"4473672,4414431,4414737",,,,,
The School of Pharmaceutical & Biomedical Sciences,Simalchaur,,"532767,528467",,pubasnet@fewanet.com.np,,539218,
The Times International College,Dillibazar,,"4418046,4420928,4442717",,,,4466795,
Tikapur College,"Tikapur,Kailali",,091-560088,,,,,
Tilottama Campus,"TilottamaNagar,Butwal","41,Butwal","548659,542659",,tillotma_btw@wlink.com,,548659,
Training Institute for Technical Instruction,Sanothimi,"5694,Ktm","6630187,6630409",,info@titi.org.np,www.titi.org.np,6630289,
Tribhuvan Adarsha Campus,"Putalibazar,Syanja",,063-420214,,,,,
Tribhuvan Multiple Campus,Palpa,,075-520114,,,,,
Tribhuvan University,Kirtipur,"8212,Ktm","4330433,4330434",,vcoffice@healthnet.org.np,www.tribhuvan-university.edu.np,4331964,
Tribhuvan University (Office of the Examination Controller),Balkhu,,4283913,,,,,
Trichandra Multiple Campus,Ghantaghar,,4244047,,,,,
Trijuga Janata Campus,"Gaighat,Udaypur",,035-420504,,,,,
Trinity International College,Dillibazar,,"4445955,4445956",,info@trinitycollege.edu.np,www.trinitycollege.edu.np,4437867,
Trinity International College,"Dillibazar,Height",26111,"4445955,",,ipsubedi@trinitycollege.edu.np,www.trinitycollege.edu.np,4437867,
Triton International College,"Tinkune,Suvidhanagar",,"4460350,2230453",,info@triton.edu.np,,,
Udaya Shree Campus,Udayapur,,035-421037,,,,,
Uniglobe College,NewBaneshwor,,4115690,,,,,
Unique Academy College,Kumaripati,,5537530,,,,,
Unique College of Management,Kumaripati,,5538625,,,,,
United Academy,"Kumaripati,lalitpur",8975,"55375630,55375420",,uacademy@wilink.com.np,,5537587,
United College,Kumaripati,8975EPC1195,"5537530,5537520",,uacademy@wlink.com.np,,5537587,
Universal College,MaitiDeviChowk,"10414,Ktm","4442775,4428321",,univcollege@wlink.com.np,www.uc.edu.np,4443532,
Universal College of Medical Sciences,Bhairahawa,,521752,,ucmshr@btw.wlink.com.np,,,
Universal College of Medical Sciences,Kamladi,8975EPC5383,4240384,,,,4254066,
Universal College Preparatory School,"tudaiDevi,Baluwater",,"4442775,4428321",,,,,
Universal Science Collage,NewChukupat,"8975,EPC2152",5260419,,usc@universalsc.edu.np,www.universalsc.edu.np,,
Universal Science College,Maitidevi,,"4442775,2042546,4428321",,uscollege@wlinkcom.np,www.uscollege.edu.np,,
Urlabari Campus,"Urlabari,Morang",,540061,,,,,
V. S. Niketan College,Minbhawan,"2751,Ktm","4495073,4482715",,info@vsniketan.edu.np,www.vsniketan.edu.np,4478379,
Valley College of Technical Science,MIdBaneshwor,,"4476302,9741180956",,,,,
Valley Public College,Galfutaar,,"4650439,4370987,4376215",,,,,
Vinayak College of Health Science,Battisputali,8975EPC6001,"4464505,9841295414",,,,4482519,
Viswa Niketan Higher Secondary School,Tripureshwor,,4248838,,,,,
Viswa Niketan Science Campus,Balaju,"8908,Ktm","4350270,4357328",,ncollege@ncts.edu.np,,4356571,
Waling Campus,"Waling,Syanja",,063-440224,,,,,
Welhams Education Network Pvt. Ltd.,Jawalakhel,,"5520509,5551874",,welhams@wlink.com.np,www.welhamscollege.com,,
Welhams educational Network Pvt. Ltd.,Jawalakhel,,5520509,,welhams@wlink.com.np,www.welhamscollege.com,,
Western Region Engineering Campus,Deep,,440158,,,,,
White Gold International College,TinkuneKathmandu,,"4464456,4464457",,whitegoldeducationa@gmail.com,www.whitegold.edu.np,,
White House Educational Network,NewBaneshwor,,4487562,,,,,
Whitefield College,NayabazarTownPlanning,,"4251733,4249538",,info@ref.edu.np,www.ref.edu.np,,
Whitefield College & School,ChhetrapatiNayabazar,,"4263452,4251733,4249583",,info@ref.edu.np,www.ref.edu.np,,
Whitegold International HSS/Collage,Tinkune,,"4464456,4464457",,whitegoldeducation@gmail.com,www.whitegold.edu.np,,
WhiteHouse GSM,NewBaneshwor,,"4466531,4466532",,gsm@whitehouse.edu.np,www.whitehouse.edu.np,4466533,
WhiteHouse HSS & College,Satdobato,,"5537852,5536741,5560542",,,www.whitehouse.edu.np,5536741,
WhiteHouse School of Hotel Management,Satdobato,,"5541179,5548772",,whitehousecollege4@gmail.com,www.whitehouse.edu.np,5548772,
Wigan & Leigh College,"NeenaHome,Ratopul",,"2003830,2003831",,,www.wlci.in,,
Wittenborg Institute Kathmandu,Thapathali,,4231710,,info@wittenborg.asia,www.wittenborg.asia,4231710,
WLC COLLEGE NEPAL,ratopulGaushala-7,,4466313/4466779,9849099380,sushil.acharya@wlci.in,,,Nepal
WLC College Nepal,"NeenaHome,Ratopul,Gaushala-7Kathmandu,Nepal.",,+977-11-2003830,,kathmandu@wlci.in,www.wlcnepal.com/,,Nepal
World Link Communication,NewBaneshwor,"8207,Ktm","4471583,4472587",,info@wlink.com.np,www.worldlinkcommunication.com,,
Xavier Academy,Lazimpat,"833,Ktm","4430025,4424289",,info@xa.edu.np,www.xa.edu.np,4424287,
Xavier International College,Kalopul,"P.O.Box23603,Ktm","4439471,4439472,4439491",,info@xavier.edu.np,www.xavier.edu.np,4439492,
Ya. Wa. La. Na. Vidhyapeeth,Mahottari,,044-529532,,,,,
Yeti Health,Lazimpat,,"4428349,4418134",,info@yhsa.edu.np,www.yhsa.edu.np,4439512,
Yogendra Thakur Educational Academy,Lahan,,033-560334,,beamael@brt.wlink.com.np,,,
Youth Vision College,Balaju,,4353622,,yvc@enet.com.np,www.youthvisioncollege.com,,
Zenith Study Center Pvt. Ltd.,Kupondole,,5524901,,admin@nps.edu.np,www.nps.edu.np,,
